{
    "NOSE": 0.176593343254142,
    "LEFT_EYE_INNER": 0.1713271939488178,
    "LEFT_EYE": 0.17159847297970204,
    "LEFT_EYE_OUTER": 0.1715266571002501,
    "RIGHT_EYE_INNER": 0.17045780767082327,
    "RIGHT_EYE": 0.17035561179298056,
    "RIGHT_EYE_OUTER": 0.17045611755467552,
    "LEFT_EAR": 0.1463747363220681,
    "RIGHT_EAR": 0.1356827034147865,
    "MOUTH_LEFT": 0.165528521518114,
    "MOUTH_RIGHT": 0.16260294275302564,
    "LEFT_SHOULDER": 0.16955216939677178,
    "RIGHT_SHOULDER": 0.15282324589645677,
    "LEFT_ELBOW": 0.2370239851622074,
    "RIGHT_ELBOW": 0.23905478303067762,
    "LEFT_WRIST": 0.3565482501907055,
    "RIGHT_WRIST": 0.38257436438244924,
    "LEFT_PINKY": 0.39339977595375203,
    "RIGHT_PINKY": 0.412864870062351,
    "LEFT_INDEX": 0.4079923557059984,
    "RIGHT_INDEX": 0.42555732485224795,
    "LEFT_THUMB": 0.3731431094362495,
    "RIGHT_THUMB": 0.39515121001520537,
    "LEFT_HIP": 0.0579165442638205,
    "RIGHT_HIP": 0.051926355053657954,
    "LEFT_KNEE": 0.4198219163771672,
    "RIGHT_KNEE": 0.3523702625142366,
    "LEFT_ANKLE": 0.46045650931619253,
    "RIGHT_ANKLE": 0.33459301320629364,
    "LEFT_HEEL": 0.4831151536760624,
    "RIGHT_HEEL": 0.37082009944243505,
    "LEFT_FOOT_INDEX": 0.5578994232030002,
    "RIGHT_FOOT_INDEX": 0.3863290768887398
}