{
    "video_path": "data/sample/reference_grand_battement.mp4",
    "audio_path": "reports/2026-02-16_phase2_3d_comparison/assets/reference_grand_battement.wav",
    "tempo_bpm": 107.666015625,
    "beat_timestamps_sec": [
        0.8126984126984127,
        1.4396371882086167,
        2.020136054421769,
        2.5541950113378684,
        3.111473922902494,
        3.6687528344671203,
        4.179591836734694,
        4.690430839002268,
        5.201269841269841,
        5.804988662131519,
        6.362267573696145,
        6.849886621315193,
        7.337505668934241,
        7.894784580498866,
        8.428843537414966,
        8.93968253968254
    ],
    "beat_video_frames_24fps": [
        19,
        34,
        48,
        61,
        74,
        88,
        100,
        112,
        124,
        139,
        152,
        164,
        176,
        189,
        202,
        214
    ],
    "video_fps_for_mapping": 24
}