{
    "beat_intervals_frames": [
        "[0-18]",
        "[19-33]",
        "[34-47]",
        "[48-60]",
        "[61-73]",
        "[74-87]",
        "[88-99]",
        "[100-111]",
        "[112-123]",
        "[124-138]",
        "[139-151]",
        "[152-163]",
        "[164-175]",
        "[176-188]",
        "[189-201]",
        "[202-213]",
        "[214-300]"
    ],
    "conceptual_delta_t_syncs": [
        0.3126984126984127,
        0.5229705215419501,
        0.06180272108843554,
        0.47086167800453493,
        0.11147392290249414,
        0.5854195011337868,
        0.38792517006802774,
        0.23209750566893472,
        0.49293650793650823,
        0.09665532879818617,
        0.4039342403628119,
        0.47488662131519277,
        0.2541723356009076,
        0.39478458049886633,
        0.5538435374149664,
        0.0646825396825399,
        0.0
    ],
    "loss_jubeop_per_beat": [
        0.9663944887674278,
        1.6848845078477623,
        1.1055699732734248,
        1.6878663013025896,
        1.0872291815365216,
        1.9477526161014134,
        1.512642377433723,
        1.3281918292795791,
        1.1627414568374503,
        0.4960796295149823,
        1.0047762598378218,
        1.1377381956518624,
        0.994085063273729,
        1.4984148618516246,
        1.7877310895830436,
        0.9615458929396085,
        0.5906156208187928
    ],
    "lambda1": 1.9895880959725676,
    "lambda2": 1.7081767827400551
}