{
  "2d_summary": {
    "mean_loss": 4.616052434364128,
    "max_loss": 11.459385194396154,
    "max_loss_frame": 49,
    "min_loss": 0.0,
    "min_loss_frame": 12,
    "std_loss": 0.9537454832067742
  },
  "3d_summary": {
    "mean_loss": 0.2916232573052978,
    "max_loss": 0.56822257477431,
    "max_loss_frame": 40,
    "min_loss": 0.0,
    "min_loss_frame": 12,
    "std_loss": 0.1411115552196123
  },
  "2d_top10_joints": {
    "LEFT_FOOT_INDEX": 10.677788917032892,
    "LEFT_HEEL": 10.65196327785846,
    "RIGHT_FOOT_INDEX": 10.544260047340499,
    "LEFT_ANKLE": 10.452974470735409,
    "RIGHT_HEEL": 10.408332895921776,
    "RIGHT_ANKLE": 10.25117342701095,
    "LEFT_KNEE": 9.665716018553043,
    "RIGHT_KNEE": 9.460004052808781,
    "LEFT_HIP": 8.900501977660802,
    "RIGHT_HIP": 8.737961785701561
  },
  "3d_top10_joints": {
    "LEFT_FOOT_INDEX": 1.1157988464060005,
    "LEFT_HEEL": 0.9662303073521248,
    "LEFT_ANKLE": 0.9209130186323851,
    "LEFT_KNEE": 0.8396438327543344,
    "RIGHT_FOOT_INDEX": 0.7726581537774796,
    "RIGHT_HEEL": 0.7416401988848701,
    "RIGHT_KNEE": 0.7047405250284732,
    "RIGHT_ANKLE": 0.6691860264125873,
    "RIGHT_INDEX": 0.42555732485224795,
    "RIGHT_PINKY": 0.412864870062351
  }
}